,销售日期,数量,discount,num_grey,num_black,num_blue,num_small,num_medium,num_large,mean_price,max_price,min_price,rate_dis,num_othercolor
0,2008-03-02,5,5.0,0.0,1.0,4.0,4,1,0,21.90890230020664,499,459,0.0,0.0
1,2008-03-09,10,8.0,0.0,3.0,7.0,6,3,1,53.166405433005025,499,349,0.2,0.0
2,2008-03-16,14,10.0,1.0,7.0,5.0,9,5,0,47.07090746597446,499,321,0.2857142857142857,1.0
3,2008-03-23,18,15.0,1.0,5.0,12.0,12,6,0,26.762572636382465,499,422,0.16666666666666666,0.0
4,2008-03-30,11,6.0,1.0,4.0,5.0,5,6,0,86.95526540594412,499,200,0.4545454545454545,1.0
5,2008-04-06,21,20.0,2.0,8.0,8.0,17,4,0,44.82240086215396,499,349,0.047619047619047616,3.0
6,2008-04-13,14,10.0,1.0,5.0,4.0,10,4,0,82.40629043523744,499,184,0.2857142857142857,4.0
7,2008-04-20,15,8.0,2.0,5.0,5.0,11,4,0,69.45385587019699,499,321,0.4666666666666667,3.0
8,2008-04-27,19,11.0,4.0,7.0,6.0,12,7,0,123.99879739088587,499,182,0.42105263157894735,2.0
9,2008-05-04,16,8.0,3.0,6.0,6.0,7,8,1,120.34616736730757,499,184,0.5,1.0
10,2008-05-11,21,18.0,1.0,11.0,8.0,14,7,0,68.87704711329907,499,184,0.14285714285714285,1.0
11,2008-05-18,19,14.0,2.0,11.0,5.0,15,4,0,90.20781724660931,499,183,0.2631578947368421,1.0
12,2008-05-25,19,15.0,3.0,4.0,11.0,11,7,1,85.50828419905682,499,200,0.21052631578947367,1.0
13,2008-06-01,25,15.0,1.0,9.0,12.0,17,8,0,128.04897500565946,499,124,0.4,3.0
14,2008-06-08,30,25.0,12.0,7.0,11.0,23,7,0,63.65406687624176,499,184,0.16666666666666666,0.0
15,2008-06-15,29,23.0,4.0,8.0,16.0,22,7,0,41.712126268418785,499,299,0.20689655172413796,1.0
16,2008-06-22,36,32.0,9.0,7.0,19.0,30,5,1,49.22609805945146,499,299,0.1111111111111111,1.0
17,2008-06-29,55,39.0,9.0,17.0,23.0,37,16,2,105.71449384428894,499,140,0.2909090909090909,6.0
18,2008-07-06,43,37.0,9.0,7.0,24.0,34,9,0,92.06817734796962,499,184,0.13953488372093026,3.0
19,2008-07-13,21,17.0,5.0,3.0,12.0,20,1,0,96.02975729280108,499,229,0.19047619047619047,1.0
20,2008-07-20,29,28.0,8.0,8.0,11.0,22,7,0,51.58091830323424,499,349,0.03448275862068965,2.0
21,2008-07-27,26,23.0,4.0,6.0,14.0,20,6,0,55.05718239551797,499,299,0.1153846153846154,2.0
22,2008-08-03,42,41.0,7.0,7.0,25.0,28,12,2,56.58547849321963,499,299,0.023809523809523808,3.0
23,2008-08-10,32,29.0,6.0,9.0,15.0,24,7,1,48.07796717228543,499,349,0.09375,2.0
24,2008-08-17,61,52.0,22.0,9.0,28.0,46,13,2,63.23320961183457,499,275,0.14754098360655735,2.0
25,2008-08-24,49,39.0,17.0,10.0,18.0,37,12,0,57.137566719385646,499,321,0.20408163265306126,4.0
26,2008-08-31,58,45.0,15.0,16.0,26.0,47,11,0,72.04498124996822,599,321,0.2241379310344828,1.0
27,2008-09-07,67,56.0,22.0,20.0,24.0,47,18,2,66.44871655083209,599,321,0.16417910447761194,1.0
28,2008-09-14,63,55.0,17.0,18.0,26.0,48,15,0,76.59881121913274,599,299,0.12698412698412698,2.0
29,2008-09-21,74,67.0,15.0,26.0,32.0,56,18,0,80.39381157098794,599,321,0.0945945945945946,1.0
30,2008-09-28,76,63.0,20.0,20.0,34.0,60,16,0,80.54678009569211,599,175,0.17105263157894735,2.0
31,2008-10-05,156,122.0,33.0,33.0,88.0,104,47,5,74.14009830723043,599,243,0.21794871794871795,2.0
32,2008-10-12,58,47.0,7.0,14.0,36.0,51,5,2,78.48068223049276,599,255,0.1896551724137931,1.0
33,2008-10-19,83,61.0,11.0,15.0,56.0,60,18,5,83.51354497997283,599,200,0.26506024096385544,1.0
34,2008-10-26,76,53.00250626566416,12.0,17.0,47.0,57,14,5,92.8900085273466,599,225,0.3025986017675769,0.0
35,2008-11-02,95,48.0,17.0,24.0,54.0,67,26,2,114.2861450759758,599,204,0.4947368421052632,0.0
36,2008-11-09,103,48.0,17.0,27.0,59.0,72,27,4,126.24710525829805,599,200,0.5339805825242718,0.0
37,2008-11-16,71,39.0,14.0,22.0,35.0,53,18,0,116.9047953983186,599,200,0.4507042253521127,0.0
38,2008-11-23,44,23.0,7.0,15.0,22.0,30,12,2,114.20678734138987,599,199,0.4772727272727273,0.0
39,2008-11-30,62,3.0,4.0,15.0,43.0,42,19,1,99.7623898382026,599,99,0.9516129032258064,0.0
40,2008-12-07,86,38.0,6.0,30.0,50.0,48,30,8,95.30168743473,599,244,0.5581395348837209,0.0
41,2008-12-14,49,2.0,9.0,14.0,26.0,25,21,3,71.24937044715304,499,244,0.9591836734693876,0.0
42,2008-12-21,92,1.0,12.0,18.0,62.0,65,25,2,49.90431719143192,499,207,0.9891304347826086,0.0
43,2008-12-28,121,26.0,12.0,29.0,80.0,76,41,4,103.27759804988285,599,159,0.7851239669421488,0.0
44,2009-01-04,42,1.0,3.0,7.0,32.0,31,11,0,79.11671203426405,599,150,0.9761904761904762,0.0
45,2009-01-04,124,2.0,8.0,31.0,85.0,76,45,3,73.37776114092796,583,106,0.9838709677419356,0.0
46,2009-01-11,119,8.0,11.0,46.0,62.0,77,37,5,90.08028192964869,599,140,0.9327731092436976,0.0
47,2009-01-18,150,16.0,11.0,31.0,108.0,88,54,8,67.41487770169276,549,160,0.8933333333333333,0.0
48,2009-01-25,152,23.0,12.0,37.0,103.0,88,61,3,99.37925483414897,699,140,0.8486842105263158,0.0
49,2009-02-01,112,26.0,4.0,24.0,84.0,69,37,6,97.63335763212551,699,212,0.7678571428571429,0.0
50,2009-02-08,81,20.0,5.0,19.0,57.0,54,26,1,110.76332096684776,599,140,0.7530864197530864,0.0
51,2009-02-15,76,47.0,5.0,18.0,53.0,57,17,2,119.25269646442,699,160,0.3815789473684211,0.0
52,2009-02-22,48,21.0,4.0,8.0,35.0,29,16,3,153.4854626146807,999,160,0.5625,1.0
53,2009-03-01,56,37.0,2.0,13.0,40.0,38,16,2,129.72798010278592,999,244,0.3392857142857143,1.0
54,2009-03-08,121,73.0,1.0,29.0,91.0,83,31,7,98.22833494019922,703,244,0.39669421487603307,0.0
55,2009-03-15,55,35.0,1.0,11.0,42.0,34,14,7,139.28561117890635,999,244,0.3636363636363637,1.0
56,2009-03-22,81,57.0,5.0,13.0,61.0,54,25,2,124.82091616035791,799,180,0.2962962962962963,2.0
57,2009-03-29,103,68.0,3.0,13.0,85.0,71,27,5,120.49045652406949,799,200,0.3398058252427185,2.0
58,2009-04-05,97,44.0,3.0,22.0,60.0,73,19,5,204.12353180638783,799,79,0.5463917525773195,12.0
59,2009-04-12,92,71.0,3.0,18.0,68.0,69,18,5,112.71986584341415,999,225,0.22826086956521735,3.0
60,2009-04-19,65,48.0,2.0,10.0,52.0,47,17,1,125.62440870902464,999,200,0.26153846153846155,1.0
61,2009-04-26,68,62.0,4.0,10.0,53.0,45,21,2,96.96872317815912,799,240,0.08823529411764706,1.0
62,2009-05-03,210,186.0,8.0,34.0,168.0,136,67,7,114.96559254260237,799,209,0.11428571428571427,0.0
63,2009-05-10,92,45.0,5.0,18.0,68.0,66,20,6,106.22280658725677,799,224,0.5108695652173914,1.0
64,2009-05-17,64,12.0,1.0,7.0,52.0,45,15,4,108.67652599152821,639,199,0.8125,4.0
65,2009-05-24,55,9.0,1.0,8.0,44.0,37,17,1,109.40760375590294,999,250,0.8363636363636363,2.0
66,2009-05-31,85,12.0,4.0,31.0,49.0,64,20,1,85.61289274651664,699,274,0.8588235294117647,1.0
67,2009-06-07,61,32.0,3.0,7.0,49.0,37,21,3,103.4742384982218,639,274,0.4754098360655738,2.0
68,2009-06-14,152,61.0,4.0,18.0,124.0,110,36,6,197.10860629396203,799,79,0.5986842105263158,6.0
69,2009-06-21,73,55.0,4.0,15.0,50.0,48,21,4,135.1012135383816,799,180,0.2465753424657534,4.0
70,2009-06-28,69,29.0,3.0,12.0,54.0,39,24,6,99.5882015560732,699,250,0.5797101449275363,0.0
71,2009-07-05,94,0.0,4.0,10.0,78.0,60,30,4,75.26396771644366,699,199,1.0,2.0
72,2009-07-12,72,0.0,1.0,10.0,57.0,34,33,5,85.76214058332202,699,224,1.0,4.0
73,2009-07-19,83,4.0,3.0,16.0,61.0,53,27,3,114.80498697629876,999,99,0.9518072289156626,3.0
74,2009-07-26,97,38.0,2.0,9.0,83.0,57,39,1,176.62615535162263,999,199,0.6082474226804123,3.0
75,2009-08-02,111,61.0,5.0,12.0,89.0,72,33,6,184.2750779153392,999,160,0.4504504504504505,5.0
76,2009-08-09,80,31.0,3.0,13.0,64.0,47,28,5,124.85449189184037,699,165,0.6125,0.0
77,2009-08-16,82,39.0,6.0,6.0,70.0,53,29,0,135.80760919346505,999,165,0.5243902439024389,0.0
78,2009-08-23,109,48.0,6.0,17.0,85.0,79,29,1,145.03152936802738,899,165,0.5596330275229358,1.0
79,2009-08-30,100,52.0,3.0,12.0,85.0,61,35,4,176.9492308630651,999,165,0.48,0.0
80,2009-09-06,178,38.0,6.0,11.0,156.0,120,52,6,244.3548786617416,999,35,0.7865168539325843,5.0
81,2009-09-13,120,56.0,1.0,27.0,91.0,70,42,8,152.74655208439066,899,234,0.5333333333333333,1.0
82,2009-09-20,166,96.0,5.0,27.0,134.0,102,56,8,141.51734755441063,999,234,0.42168674698795183,0.0
83,2009-09-27,220,68.0,6.0,26.0,188.0,150,63,7,150.41783997596383,999,24,0.6909090909090909,0.0
84,2009-10-04,262,135.0,17.0,20.0,224.0,163,93,6,149.57467235885392,999,115,0.4847328244274809,1.0
85,2009-10-11,205,80.0,13.0,15.0,177.0,104,93,8,158.70241882755718,999,180,0.6097560975609756,0.0
86,2009-10-18,115,49.0,3.0,13.0,98.0,71,38,6,147.43375540001932,799,220,0.5739130434782609,1.0
87,2009-10-25,121,43.0,3.0,15.0,103.0,73,43,5,124.85661087117859,799,160,0.6446280991735537,0.0
88,2009-11-01,119,40.0,2.0,20.0,97.0,63,47,9,164.82157142171982,999,99,0.6638655462184874,0.0
89,2009-11-08,128,67.0,2.0,27.0,99.0,77,45,6,154.8891899754784,799,160,0.4765625,0.0
90,2009-11-15,164,95.0,4.0,32.0,127.0,93,58,13,152.83932758084342,899,160,0.4207317073170732,1.0
91,2009-11-22,130,59.0,5.0,12.0,113.0,84,35,11,131.24045605190034,699,160,0.5461538461538461,0.0
92,2009-11-29,109,63.0,5.0,26.0,78.0,73,31,5,165.01113853609573,699,100,0.4220183486238532,0.0
93,2009-12-06,99,38.0,2.0,16.0,81.0,53,40,6,155.31251104597038,999,160,0.6161616161616161,0.0
94,2009-12-13,129,76.0,2.0,24.0,103.0,86,38,5,192.25783431928815,999,160,0.4108527131782946,0.0
95,2009-12-20,159,61.0,3.0,16.0,139.0,88,56,15,157.90094617472818,999,160,0.6163522012578616,1.0
96,2009-12-27,169,60.0,10.0,13.0,146.0,96,65,8,163.41274061539798,999,100,0.6449704142011834,0.0
97,2010-01-03,109,53.0,1.0,13.0,95.0,60,41,8,198.43213737781969,899,100,0.5137614678899083,0.0
98,2010-01-03,102,57.0,4.0,16.0,81.0,64,29,9,171.8238468415672,999,160,0.4411764705882353,1.0
99,2010-01-10,86,47.0,4.0,9.0,72.0,48,36,2,124.71438742732352,799,199,0.4534883720930232,1.0
100,2010-01-17,135,72.0,5.0,15.0,115.0,84,42,9,161.5384994099112,999,160,0.4666666666666667,0.0
101,2010-01-24,173,86.0,5.0,13.0,154.0,100,56,17,149.1309869597523,999,160,0.5028901734104047,1.0
102,2010-01-31,169,82.0,7.0,16.0,145.0,104,46,19,150.34278186918513,899,160,0.514792899408284,1.0
103,2010-02-07,227,83.0,13.0,20.0,191.0,118,94,15,155.34116827885413,999,160,0.6343612334801763,3.0
104,2010-02-14,259,112.0,7.0,19.0,231.0,121,119,19,140.61307185384828,799,160,0.5675675675675675,2.0
105,2010-02-21,181,78.0,5.0,14.0,162.0,83,81,17,143.12085583012845,849,160,0.569060773480663,0.0
106,2010-02-28,152,78.0,5.0,15.0,131.0,75,64,13,155.84691418905814,999,160,0.4868421052631579,1.0
107,2010-03-07,117,54.0,2.0,10.0,103.0,77,32,8,154.00464614576651,799,160,0.5384615384615384,2.0
108,2010-03-14,126,56.0,2.0,11.0,111.0,80,35,11,188.1254058266993,999,160,0.5555555555555556,2.0
109,2010-03-21,128,50.0,0.0,9.0,112.0,84,36,8,151.52528634381397,879,160,0.609375,7.0
110,2010-03-28,94,51.001669449081795,2.0,5.0,83.0,64,23,7,144.03966049726182,699,160,0.4574290484140234,4.0
111,2010-04-04,205,62.0,2.0,35.0,165.0,132,62,11,200.69080085788707,799,70,0.6975609756097559,3.0
112,2010-04-11,127,57.0,4.0,9.0,109.0,83,39,5,146.8362579173486,999,99,0.5511811023622047,5.0
113,2010-04-18,103,55.0,0.0,6.0,95.0,68,32,3,130.54408193661652,629,160,0.4660194174757282,2.0
114,2010-04-25,128,55.0,3.0,5.0,115.0,74,43,11,144.68146230360068,999,160,0.5703125,5.0
115,2010-05-02,221,112.0,3.0,13.0,203.0,139,72,10,156.81116328137668,799,110,0.4932126696832579,2.0
116,2010-05-09,197,90.0,4.0,14.0,171.0,115,62,20,161.93216641622737,799,110,0.5431472081218274,8.0
117,2010-05-16,138,30.0,2.0,8.0,125.0,91,38,9,123.19305925048927,999,110,0.7826086956521741,3.0
118,2010-05-23,144,14.0,4.0,4.0,131.0,97,41,6,91.81272084527944,599,140,0.9027777777777778,5.0
119,2010-05-30,164,26.0,2.0,4.0,158.0,86,63,15,113.21009853495748,629,110,0.8414634146341463,0.0
120,2010-06-06,126,10.0,1.0,4.0,112.0,95,29,2,108.87440233531008,639,120,0.9206349206349206,9.0
121,2010-06-13,136,9.0,3.0,8.0,119.0,76,46,14,100.41853973238237,699,90,0.9338235294117648,6.0
122,2010-06-20,218,10.0,2.0,6.0,205.0,127,67,24,82.82012309771666,699,90,0.9541284403669724,5.0
123,2010-06-27,119,12.0,0.0,5.0,112.0,76,38,5,100.52421352405086,699,180,0.8991596638655462,2.0
124,2010-07-04,92,11.0,1.0,1.0,89.0,52,25,15,105.36684262199398,699,199,0.8804347826086957,1.0
125,2010-07-11,118,9.0,0.0,3.0,112.0,69,36,13,91.33543212693368,629,160,0.923728813559322,3.0
126,2010-07-18,115,9.0,0.0,9.0,106.0,63,44,8,78.82353878741921,599,160,0.9217391304347826,0.0
127,2010-07-25,126,10.0,0.0,2.0,120.0,68,52,6,93.27636935132648,629,199,0.9206349206349206,4.0
128,2010-08-01,128,25.0,0.0,10.0,116.0,78,43,7,105.5637422538711,599,160,0.8046875,2.0
129,2010-08-08,117,26.0,0.0,9.0,107.0,76,34,7,110.37639365309084,599,160,0.7777777777777778,1.0
130,2010-08-15,110,37.0,1.0,3.0,105.0,65,41,4,121.42381961023706,599,199,0.6636363636363637,1.0
131,2010-08-22,92,26.0,4.0,7.0,81.0,65,20,7,125.09714285506954,599,106,0.7173913043478259,0.0
132,2010-08-29,97,32.0,0.0,10.0,85.0,61,29,7,133.99859913613548,599,120,0.6701030927835051,2.0
133,2010-09-05,130,23.0,1.0,20.0,109.0,91,34,5,148.162569781148,699,120,0.823076923076923,0.0
134,2010-09-12,168,46.0,1.0,23.0,144.0,110,52,6,171.20143407549844,699,120,0.7261904761904762,0.0
135,2010-09-19,119,34.0,1.0,15.0,102.0,83,28,8,159.62693110681283,599,120,0.7142857142857143,1.0
136,2010-09-26,182,50.0,1.0,34.0,146.0,125,44,13,170.4040593412769,699,120,0.7252747252747253,1.0
137,2010-10-03,287,89.0,4.0,30.0,252.0,198,75,14,168.03843074649168,699,20,0.6898954703832753,1.0
138,2010-10-10,240,81.0,5.0,32.0,203.0,159,67,14,153.64653299150115,699,120,0.6625,0.0
139,2010-10-17,185,73.0,6.0,24.0,155.0,114,58,13,176.72945042818603,799,120,0.6054054054054054,0.0
140,2010-10-24,180,53.0,5.0,21.0,154.0,110,57,13,164.31745964431133,699,119,0.7055555555555556,0.0
141,2010-10-31,207,55.0,8.0,37.0,162.0,140,52,15,179.6920394443024,599,80,0.7342995169082126,0.0
142,2010-11-07,172,87.0,3.0,24.0,145.0,104,62,6,160.74382840212886,699,120,0.4941860465116279,0.0
143,2010-11-14,192,99.0,0.0,33.0,159.0,115,61,16,161.7237034434154,599,120,0.484375,0.0
144,2010-11-21,145,46.0,5.0,26.0,114.0,90,48,7,175.88199386601102,615,120,0.6827586206896552,0.0
145,2010-11-28,149,50.0,3.0,20.0,126.0,88,50,11,176.43531420311038,599,120,0.6644295302013423,0.0
146,2010-12-05,185,74.0,4.0,30.0,150.0,121,57,7,166.75558170733686,699,120,0.6,1.0
147,2010-12-12,284,75.0,2.0,34.0,248.0,154,104,26,162.58462933843253,699,99,0.7359154929577465,0.0
148,2010-12-19,161,38.0,6.0,11.0,144.0,85,65,11,161.58821240486185,699,135,0.7639751552795031,0.0
149,2010-12-26,234,46.0,5.0,24.0,205.0,119,97,18,137.38856328958528,615,99,0.8034188034188035,0.0
150,2011-01-02,119,40.0,6.0,12.0,101.0,75,38,6,166.88610341795794,699,150,0.6638655462184874,0.0
151,2011-01-02,136,27.0,7.0,24.0,105.0,72,54,10,148.57545323845017,699,90,0.8014705882352942,0.0
152,2011-01-09,233,79.0,7.0,20.0,206.0,127,92,14,146.80402573485676,699,90,0.6609442060085837,0.0
153,2011-01-16,172,61.0,4.0,14.0,154.0,98,68,6,159.72515919224546,699,90,0.6453488372093024,0.0
154,2011-01-23,181,69.0,5.0,17.0,159.0,105,64,12,150.32593638769725,599,110,0.6187845303867403,0.0
155,2011-01-30,249,92.0,4.0,13.0,232.0,109,123,17,141.40501930655282,599,150,0.6305220883534136,0.0
156,2011-02-06,187,102.0,1.0,5.0,181.0,102,72,13,125.89966277829753,599,150,0.4545454545454545,0.0
157,2011-02-13,144,62.0,1.0,7.0,135.0,81,52,11,138.2723401287385,699,150,0.5694444444444444,1.0
158,2011-02-20,163,47.0,2.0,7.0,153.0,102,56,5,141.292208908043,599,150,0.7116564417177914,1.0
159,2011-02-27,174,64.0,2.0,4.0,167.0,111,48,15,152.80048460406817,699,150,0.632183908045977,1.0
160,2011-03-06,133,49.0,2.0,3.0,128.0,88,36,9,149.82488030906728,699,150,0.631578947368421,0.0
161,2011-03-13,161,55.0,3.0,1.0,157.0,106,43,12,154.04754499183818,699,150,0.6583850931677019,0.0
162,2011-03-20,396,47.0,18.0,19.0,356.0,261,118,17,172.604581777381,615,80,0.8813131313131313,3.0
163,2011-03-27,229,83.0,3.0,2.0,220.0,142,65,22,190.3291851720637,999,80,0.6375545851528385,4.0
164,2011-04-03,284,94.0,6.0,66.0,211.0,201,69,14,179.66270410678882,699,79,0.6690140845070423,1.0
165,2011-04-10,281,116.0,3.0,6.0,263.0,167,89,25,138.91570165296153,615,200,0.5871886120996441,9.0
166,2011-04-17,238,108.0,4.0,2.0,230.0,163,59,16,138.6831248296121,699,240,0.5462184873949579,2.0
167,2011-04-24,201,89.0,3.0,3.0,192.0,130,61,10,136.3801208504527,699,200,0.5572139303482587,3.0
168,2011-05-01,281,118.0,3.0,2.0,271.0,189,77,15,157.62208847943037,699,150,0.5800711743772242,5.0
169,2011-05-08,223,99.0,0.0,1.0,220.0,127,74,22,164.09475603721785,699,150,0.5560538116591929,2.0
170,2011-05-15,156,62.0,0.0,2.0,152.0,92,47,17,155.95237059476648,699,150,0.6025641025641025,2.0
171,2011-05-22,152,62.0,2.0,1.0,146.0,106,41,5,149.8451804414985,699,150,0.5921052631578947,3.0
172,2011-05-29,140,56.0,3.0,1.0,134.0,84,45,11,152.97023404371384,699,150,0.6,2.0
173,2011-06-05,113,35.0,1.0,1.0,110.0,75,28,10,145.14543808951836,699,150,0.6902654867256637,1.0
174,2011-06-12,140,41.0,0.0,0.0,137.0,85,46,9,149.39055980823053,599,149,0.7071428571428572,3.0
175,2011-06-19,117,43.0,3.0,0.0,112.0,73,40,4,168.0671758459009,699,150,0.6324786324786325,2.0
176,2011-06-26,181,28.0,3.0,8.0,165.0,110,61,10,139.89554947766814,699,150,0.8453038674033149,5.0
177,2011-07-03,128,31.0,1.0,2.0,123.0,86,35,7,147.12683260387018,699,150,0.7578125,2.0
178,2011-07-10,146,29.0,1.0,4.0,140.0,86,50,10,151.44527481690474,699,150,0.8013698630136986,1.0
179,2011-07-17,143,32.0,3.0,1.0,137.0,93,41,9,141.40826806664776,699,150,0.7762237762237763,2.0
180,2011-07-24,135,22.0,0.0,3.0,129.0,84,43,8,136.95486055940393,699,150,0.837037037037037,3.0
181,2011-07-31,116,28.0,2.0,3.0,107.0,83,25,8,139.9431797310015,699,150,0.7586206896551724,4.0
182,2011-08-07,138,42.0,1.0,5.0,131.0,106,28,4,153.66567842440722,699,99,0.6956521739130435,1.0
183,2011-08-14,115,35.0,1.0,2.0,111.0,84,25,6,143.77859408609154,799,150,0.6956521739130435,1.0
184,2011-08-21,141,38.0,0.0,9.0,132.0,101,30,10,162.45955899239675,791,150,0.7304964539007093,0.0
185,2011-08-28,185,48.0,4.0,10.0,168.0,128,47,10,183.38371748287207,791,99,0.7405405405405405,3.0
186,2011-09-04,126,53.0,3.0,7.0,113.0,94,25,7,192.80119277771058,1143,49,0.5793650793650794,3.0
187,2011-09-11,143,57.0,4.0,24.0,115.0,111,28,4,192.2629490153257,699,49,0.6013986013986014,0.0
188,2011-09-18,142,58.0,10.0,23.0,108.0,108,29,5,214.3986297571481,1143,49,0.5915492957746479,1.0
189,2011-09-25,198,71.0,9.0,26.0,163.0,163,31,4,199.05884463427958,899,99,0.6414141414141414,0.0
190,2011-10-02,223,74.0,14.0,15.0,194.0,173,44,6,204.56208871413415,899,99,0.6681614349775785,0.0
191,2011-10-09,207,83.0,7.0,33.0,167.0,150,53,4,200.5536063432576,899,99,0.5990338164251208,0.0
192,2011-10-16,146,60.0,3.0,18.0,125.0,114,27,5,201.32616169326963,1299,90,0.589041095890411,0.0
193,2011-10-23,174,87.0,1.0,27.0,146.0,139,28,7,174.2534696613714,899,99,0.5,0.0
194,2011-10-30,127,81.0,1.0,13.0,113.0,91,32,4,154.70771616283383,899,99,0.3622047244094488,0.0
195,2011-11-06,197,55.0,0.0,14.0,183.0,146,40,11,132.8077369832663,899,199,0.7208121827411168,0.0
196,2011-11-13,164,45.0,0.0,12.0,152.0,118,34,12,140.1160786262936,703,224,0.725609756097561,0.0
197,2011-11-20,129,31.0,0.0,17.0,112.0,93,29,7,141.73187253352884,599,150,0.7596899224806202,0.0
198,2011-11-27,145,50.0,0.0,14.0,131.0,96,33,16,158.30457542829447,899,150,0.6551724137931034,0.0
199,2011-12-04,255,36.0,0.0,14.0,241.0,171,68,16,142.0558512743045,899,150,0.8588235294117647,0.0
200,2011-12-11,139,36.0,1.0,12.0,126.0,93,39,7,139.93438640169822,699,150,0.7410071942446043,0.0
201,2011-12-18,149,33.0,0.0,6.0,143.0,90,48,11,156.86221064669428,899,150,0.7785234899328859,0.0
202,2011-12-25,150,51.0,0.0,2.0,148.0,108,29,13,155.22707864913886,791,150,0.66,0.0
203,2012-01-01,120,32.0,2.0,8.0,110.0,76,37,7,175.6807166870806,899,119,0.7333333333333333,0.0
204,2012-01-01,33,16.0,0.0,0.0,33.0,23,6,4,153.6260217067882,699,119,0.5151515151515151,0.0
205,2012-01-08,209,69.0,0.0,13.0,196.0,142,56,11,168.44109439042128,899,119,0.6698564593301436,0.0
206,2012-01-15,151,57.0,0.0,6.0,145.0,97,47,7,163.20552377079036,899,119,0.6225165562913907,0.0
207,2012-01-22,153,45.0,3.0,7.0,143.0,95,51,7,165.59711502109943,899,119,0.7058823529411765,0.0
208,2012-01-29,110,39.0,5.0,6.0,99.0,75,28,7,170.93539083486058,791,119,0.6454545454545455,0.0
209,2012-02-05,168,33.0,13.0,45.0,110.0,114,48,6,221.977206684472,699,40,0.8035714285714286,0.0
210,2012-02-12,98,22.0,6.0,4.0,86.0,71,22,5,133.13754223925258,791,119,0.7755102040816326,2.0
211,2012-02-19,126,41.0,4.0,6.0,113.0,97,23,6,136.36803002501438,899,200,0.6746031746031746,3.0
212,2012-02-26,113,47.0,6.0,8.0,96.0,76,27,10,146.66128054050674,899,119,0.584070796460177,3.0
213,2012-03-04,148,75.0,5.0,8.0,135.0,110,32,6,143.7140939561753,899,239,0.4932432432432433,0.0
214,2012-03-11,102,51.0,3.0,3.0,96.0,85,16,1,155.1677138000705,899,119,0.5,0.0
215,2012-03-18,145,57.0,6.0,12.0,126.0,110,31,4,204.336294565101,899,129,0.6068965517241379,1.0
216,2012-03-25,121,52.0,2.0,5.0,114.0,99,20,2,155.5080577410989,899,121,0.5702479338842975,0.0
217,2012-04-01,128,77.0,3.0,3.0,119.0,112,15,1,153.5754208180109,899,119,0.3984375,3.0
218,2012-04-08,161,80.0,5.0,2.0,152.0,144,16,1,142.04614362325717,799,129,0.5031055900621118,2.0
219,2012-04-15,129,80.0,0.0,2.0,127.0,114,15,0,130.89175894247552,899,129,0.3798449612403101,0.0
220,2012-04-22,139,58.0,2.0,2.0,135.0,118,18,3,195.03225286411396,899,117,0.5827338129496403,0.0
221,2012-04-29,126,67.0,1.0,7.0,116.0,113,10,3,186.3629662587543,899,129,0.4682539682539682,2.0
222,2012-05-06,150,66.0,0.0,7.0,141.0,133,15,2,182.93095515838903,799,117,0.56,2.0
223,2012-05-13,78,37.0,0.0,1.0,77.0,69,7,2,203.19233673449813,899,129,0.5256410256410257,0.0
224,2012-05-20,79,29.0,1.0,4.0,74.0,70,7,2,146.2099813328716,799,129,0.6329113924050633,0.0
225,2012-05-27,92,36.0,0.0,3.0,88.0,80,11,1,194.84403210422337,699,117,0.6086956521739131,1.0
226,2012-06-03,84,33.0,0.0,1.0,82.0,73,9,2,163.8672118317756,699,129,0.6071428571428571,1.0
227,2012-06-10,58,22.0,0.0,5.0,53.0,51,6,1,172.20165376203187,799,129,0.6206896551724138,0.0
228,2012-06-17,61,28.0,1.0,1.0,58.0,52,5,4,177.8470117506244,699,129,0.5409836065573771,1.0
229,2012-06-24,65,26.0,0.0,4.0,61.0,58,6,1,182.70228778408455,799,100,0.6,0.0
230,2012-07-01,57,15.0,0.0,0.0,55.0,49,5,3,166.05902467292972,699,100,0.7368421052631579,2.0
231,2012-07-08,66,16.0,0.0,4.0,60.0,63,3,0,167.77617249163856,699,100,0.7575757575757576,2.0
232,2012-07-15,74,5.0,0.0,1.0,72.0,68,6,0,135.611419330908,699,100,0.9324324324324323,1.0
233,2012-07-22,83,5.0,1.0,4.0,78.0,78,3,2,102.06052443229635,699,120,0.9397590361445785,0.0
234,2012-07-29,80,13.0,1.0,2.0,75.0,72,6,2,133.04110909362095,699,100,0.8375,2.0
235,2012-08-05,45,10.0,0.0,2.0,43.0,38,6,1,173.60714045729512,699,100,0.7777777777777778,0.0
236,2012-08-12,59,22.0,0.0,2.0,55.0,55,4,0,176.729706744664,799,100,0.6271186440677966,2.0
237,2012-08-19,66,24.0,0.0,0.0,64.0,59,7,0,180.249333270673,799,100,0.6363636363636364,2.0
238,2012-08-26,88,32.0,1.0,0.0,83.0,80,7,1,183.8817679150868,799,100,0.6363636363636364,4.0
239,2012-09-02,61,15.0,0.0,0.0,56.0,56,4,1,174.69705550519677,699,100,0.7540983606557377,5.0
240,2012-09-09,46,15.0,0.0,0.0,45.0,41,4,1,200.54289951393082,699,100,0.6739130434782609,1.0
241,2012-09-16,55,13.0,0.0,0.0,53.0,45,8,2,185.20923103144528,699,100,0.7636363636363637,2.0
242,2012-09-23,70,15.0,0.0,0.0,67.0,54,12,4,183.82080922421744,699,129,0.7857142857142857,3.0
243,2012-09-30,169,62.0,0.0,15.0,150.0,125,42,2,191.60919203720863,699,120,0.6331360946745562,4.0
244,2012-10-07,122,23.0,1.0,2.0,115.0,87,28,7,193.00375572645703,699,129,0.8114754098360656,4.0
245,2012-10-14,65,10.0,0.0,1.0,63.0,45,13,7,188.65063354905948,699,129,0.8461538461538461,1.0
246,2012-10-21,242,10.0,6.0,17.0,218.0,209,22,11,90.83793792252364,699,129,0.9586776859504132,1.0
247,2012-10-28,61,6.0,0.0,0.0,61.0,47,14,0,167.81617252089515,699,99,0.9016393442622952,0.0
248,2012-11-04,60,12.0,0.0,3.0,57.0,44,12,4,175.77736946438588,699,129,0.8,0.0
249,2012-11-11,37,14.0,0.0,3.0,33.0,27,6,4,144.44306421146985,699,129,0.6216216216216216,1.0
250,2012-11-18,46,12.0,1.0,1.0,44.0,37,8,1,160.40344337471262,699,129,0.7391304347826086,0.0
251,2012-11-25,37,17.0,0.0,2.0,35.0,30,4,3,191.68982298310502,899,149,0.5405405405405406,0.0
252,2012-12-02,173,17.0,0.0,19.0,154.0,125,42,6,127.60988918241408,699,133,0.9017341040462428,0.0
253,2012-12-09,113,4.0,0.0,5.0,105.0,78,25,10,117.48171870983472,699,22,0.9646017699115044,3.0
254,2012-12-16,85,5.0,0.0,2.0,81.0,60,20,5,165.70166660478668,699,50,0.9411764705882352,2.0
255,2012-12-23,171,7.0,1.0,17.0,153.0,117,45,9,181.38359577037187,699,11,0.95906432748538,0.0
256,2012-12-30,113,32.0,0.0,7.0,104.0,68,36,9,211.4075034730508,899,50,0.7168141592920354,2.0
257,2013-01-06,20,5.0,0.0,2.0,18.0,18,2,0,164.34427564011014,599,133,0.75,0.0
